DATE,IC4WSA
1/28/67,209000
2/4/67,211000
2/11/67,216500
2/18/67,219500
2/25/67,229000
3/4/67,252500
3/11/67,255500
3/18/67,259500
3/25/67,260750
4/1/67,248000
4/8/67,252000
4/15/67,265500
4/22/67,265000
4/29/67,264000
5/6/67,263250
5/13/67,246250
5/20/67,242500
5/27/67,235750
6/3/67,234250
6/10/67,236000
6/17/67,234500
6/24/67,232000
7/1/67,222250
7/8/67,222750
7/15/67,227000
7/22/67,232500
7/29/67,232500
8/5/67,227750
8/12/67,218000
8/19/67,211750
8/26/67,212750
9/2/67,212000
9/9/67,219250
9/16/67,220500
9/23/67,219500
9/30/67,216000
10/7/67,216000
10/14/67,212500
10/21/67,216000
10/28/67,216750
11/4/67,214500
11/11/67,216500
11/18/67,210250
11/25/67,206250
12/2/67,199750
12/9/67,201500
12/16/67,203000
12/23/67,210000
12/30/67,215000
1/6/68,215250
1/13/68,219750
1/20/68,220250
1/27/68,215750
2/3/68,221250
2/10/68,218250
2/17/68,212000
2/24/68,210750
3/2/68,197250
3/9/68,195750
3/16/68,194250
3/23/68,196000
3/30/68,196500
4/6/68,193250
4/13/68,188500
4/20/68,184250
4/27/68,199000
5/4/68,203500
5/11/68,209250
5/18/68,213250
5/25/68,199000
6/1/68,196500
6/8/68,196000
6/15/68,194750
6/22/68,193500
6/29/68,192250
7/6/68,197750
7/13/68,195750
7/20/68,193500
7/27/68,196250
8/3/68,194250
8/10/68,202250
8/17/68,205250
8/24/68,202250
8/31/68,197750
9/7/68,190500
9/14/68,191250
9/21/68,190750
9/28/68,191000
10/5/68,190000
10/12/68,187750
10/19/68,187750
10/26/68,186000
11/2/68,185000
11/9/68,184250
11/16/68,184500
11/23/68,188750
11/30/68,184000
12/7/68,185250
12/14/68,186000
12/21/68,184250
12/28/68,199500
1/4/69,200000
1/11/69,199000
1/18/69,199000
1/25/69,191500
2/1/69,194750
2/8/69,196250
2/15/69,196250
2/22/69,196000
3/1/69,195500
3/8/69,194000
3/15/69,193250
3/22/69,190500
3/29/69,186000
4/5/69,183750
4/12/69,184000
4/19/69,185500
4/26/69,184000
5/3/69,182750
5/10/69,181000
5/17/69,179000
5/24/69,179750
5/31/69,182250
6/7/69,184500
6/14/69,185250
6/21/69,188000
6/28/69,192000
7/5/69,200750
7/12/69,207750
7/19/69,211500
7/26/69,208750
8/2/69,201000
8/9/69,199250
8/16/69,197500
8/23/69,199250
8/30/69,199000
9/6/69,193750
9/13/69,196250
9/20/69,195250
9/27/69,194750
10/4/69,197500
10/11/69,195250
10/18/69,196250
10/25/69,199250
11/1/69,200500
11/8/69,203250
11/15/69,202750
11/22/69,205750
11/29/69,206750
12/6/69,204500
12/13/69,210750
12/20/69,214500
12/27/69,219750
1/3/70,226750
1/10/70,231750
1/17/70,240750
1/24/70,249000
1/31/70,251250
2/7/70,254750
2/14/70,254000
2/21/70,257750
2/28/70,258500
3/7/70,260000
3/14/70,261500
3/21/70,259750
3/28/70,268250
4/4/70,271000
4/11/70,279500
4/18/70,307000
4/25/70,325250
5/2/70,340500
5/9/70,343750
5/16/70,326000
5/23/70,312750
5/30/70,304500
6/6/70,300250
6/13/70,299000
6/20/70,299000
6/27/70,296500
7/4/70,290500
7/11/70,288000
7/18/70,287500
7/25/70,286500
8/1/70,282500
8/8/70,277000
8/15/70,278500
8/22/70,282500
8/29/70,291500
9/5/70,306000
9/12/70,304000
9/19/70,309500
9/26/70,318500
10/3/70,325000
10/10/70,333750
10/17/70,336000
10/24/70,335250
10/31/70,329500
11/7/70,331750
11/14/70,326750
11/21/70,322750
11/28/70,325250
12/5/70,318250
12/12/70,316250
12/19/70,310000
12/26/70,306000
1/2/71,304750
1/9/71,300250
1/16/71,302750
1/23/71,300500
1/30/71,297750
2/6/71,299750
2/13/71,295500
2/20/71,284500
2/27/71,284000
3/6/71,284250
3/13/71,285500
3/20/71,291250
3/27/71,293750
4/3/71,294250
4/10/71,292250
4/17/71,290500
4/24/71,287500
5/1/71,285250
5/8/71,288750
5/15/71,288750
5/22/71,290500
5/29/71,292750
6/5/71,294750
6/12/71,297500
6/19/71,298500
6/26/71,296500
7/3/71,290500
7/10/71,282750
7/17/71,286250
7/24/71,289500
7/31/71,297250
8/7/71,318500
8/14/71,321500
8/21/71,325500
8/28/71,325250
9/4/71,327750
9/11/71,324500
9/18/71,320000
9/25/71,320250
10/2/71,305250
10/9/71,305500
10/16/71,304750
10/23/71,301250
10/30/71,297250
11/6/71,294250
11/13/71,293250
11/20/71,288250
11/27/71,287000
12/4/71,286500
12/11/71,282750
12/18/71,281500
12/25/71,273000
1/1/72,268000
1/8/72,271750
1/15/72,267000
1/22/72,271750
1/29/72,269250
2/5/72,264500
2/12/72,268500
2/19/72,267250
2/26/72,263500
3/4/72,258750
3/11/72,258250
3/18/72,260250
3/25/72,262750
4/1/72,263000
4/8/72,265500
4/15/72,263750
4/22/72,262500
4/29/72,264250
5/6/72,263500
5/13/72,265250
5/20/72,267250
5/27/72,267750
6/3/72,266000
6/10/72,266500
6/17/72,268500
6/24/72,273250
7/1/72,294750
7/8/72,302000
7/15/72,312750
7/22/72,310250
7/29/72,284500
8/5/72,272750
8/12/72,254750
8/19/72,249750
8/26/72,253500
9/2/72,255500
9/9/72,258750
9/16/72,259250
9/23/72,257500
9/30/72,255750
10/7/72,256750
10/14/72,254750
10/21/72,255250
10/28/72,251000
11/4/72,249000
11/11/72,247000
11/18/72,250500
11/25/72,250750
12/2/72,243500
12/9/72,246000
12/16/72,244000
12/23/72,246750
12/30/72,246500
1/6/73,240000
1/13/73,235500
1/20/73,231250
1/27/73,228500
2/3/73,229000
2/10/73,224250
2/17/73,221000
2/24/73,222000
3/3/73,221250
3/10/73,222000
3/17/73,225000
3/24/73,228500
3/31/73,227750
4/7/73,232250
4/14/73,232750
4/21/73,235500
4/28/73,239000
5/5/73,239250
5/12/73,241250
5/19/73,239750
5/26/73,240250
6/2/73,236250
6/9/73,238250
6/16/73,238250
6/23/73,239250
6/30/73,240500
7/7/73,241000
7/14/73,239750
7/21/73,239500
7/28/73,242750
8/4/73,244750
8/11/73,253000
8/18/73,257250
8/25/73,258250
9/1/73,254750
9/8/73,251500
9/15/73,248250
9/22/73,246250
9/29/73,248000
10/6/73,244000
10/13/73,244250
10/20/73,245000
10/27/73,241500
11/3/73,244000
11/10/73,253000
11/17/73,254250
11/24/73,253750
12/1/73,256250
12/8/73,252250
12/15/73,256750
12/22/73,280000
12/29/73,291000
1/5/74,291750
1/12/74,308750
1/19/74,307500
1/26/74,305250
2/2/74,313500
2/9/74,320750
2/16/74,318250
2/23/74,318500
3/2/74,318250
3/9/74,302250
3/16/74,303250
3/23/74,308750
3/30/74,314250
4/6/74,312000
4/13/74,307500
4/20/74,303000
4/27/74,293000
5/4/74,290750
5/11/74,290500
5/18/74,291000
5/25/74,297500
6/1/74,295250
6/8/74,299750
6/15/74,301000
6/22/74,300750
6/29/74,312500
7/6/74,311750
7/13/74,312000
7/20/74,310750
7/27/74,309500
8/3/74,315500
8/10/74,326250
8/17/74,333500
8/24/74,339250
8/31/74,343000
9/7/74,343750
9/14/74,350000
9/21/74,356750
9/28/74,360750
10/5/74,366000
10/12/74,380000
10/19/74,384750
10/26/74,396750
11/2/74,405500
11/9/74,412500
11/16/74,427500
11/23/74,453500
11/30/74,470500
12/7/74,492250
12/14/74,507500
12/21/74,508250
12/28/74,524000
1/4/75,506000
1/11/75,517000
1/18/75,530500
1/25/75,535000
2/1/75,560750
2/8/75,558500
2/15/75,547250
2/22/75,544500
3/1/75,541250
3/8/75,542750
3/15/75,543000
3/22/75,544500
3/29/75,546750
4/5/75,543250
4/12/75,540500
4/19/75,535750
4/26/75,525250
5/3/75,517250
5/10/75,514000
5/17/75,509750
5/24/75,504750
5/31/75,497250
6/7/75,502750
6/14/75,498500
6/21/75,499500
6/28/75,495500
7/5/75,469000
7/12/75,456250
7/19/75,443250
7/26/75,442000
8/2/75,449750
8/9/75,453000
8/16/75,452750
8/23/75,453500
8/30/75,451500
9/6/75,448500
9/13/75,451500
9/20/75,445500
9/27/75,445250
10/4/75,440000
10/11/75,433250
10/18/75,426000
10/25/75,421250
11/1/75,418250
11/8/75,414750
11/15/75,410250
11/22/75,404000
11/29/75,397250
12/6/75,386750
12/13/75,382250
12/20/75,373250
12/27/75,374250
1/3/76,371500
1/10/76,380000
1/17/76,381250
1/24/76,374250
1/31/76,373500
2/7/76,361250
2/14/76,354750
2/21/76,350750
2/28/76,348250
3/6/76,347000
3/13/76,351000
3/20/76,356250
3/27/76,360500
4/3/76,368500
4/10/76,371750
4/17/76,370000
4/24/76,370250
5/1/76,371500
5/8/76,377000
5/15/76,382250
5/22/76,389000
5/29/76,393250
6/5/76,390000
6/12/76,396250
6/19/76,397500
6/26/76,393750
7/3/76,396750
7/10/76,388000
7/17/76,389750
7/24/76,391500
7/31/76,390000
8/7/76,391500
8/14/76,385500
8/21/76,387000
8/28/76,388500
9/4/76,399250
9/11/76,399500
9/18/76,400250
9/25/76,407500
10/2/76,404250
10/9/76,411250
10/16/76,411250
10/23/76,407750
10/30/76,409250
11/6/76,404000
11/13/76,399000
11/20/76,398750
11/27/76,389500
12/4/76,392500
12/11/76,395500
12/18/76,384750
12/25/76,373750
1/1/77,368250
1/8/77,373500
1/15/77,374250
1/22/77,396750
1/29/77,407250
2/5/77,444500
2/12/77,471750
2/19/77,465750
2/26/77,450750
3/5/77,399750
3/12/77,369250
3/19/77,361750
3/26/77,360250
4/2/77,357500
4/9/77,362750
4/16/77,360750
4/23/77,365500
4/30/77,371750
5/7/77,373750
5/14/77,378750
5/21/77,378750
5/28/77,380250
6/4/77,375000
6/11/77,369250
6/18/77,365250
6/25/77,361250
7/2/77,358000
7/9/77,358750
7/16/77,360500
7/23/77,360500
7/30/77,364250
8/6/77,368500
8/13/77,366750
8/20/77,367250
8/27/77,367250
9/3/77,366250
9/10/77,366250
9/17/77,365000
9/24/77,368750
10/1/77,362250
10/8/77,363750
10/15/77,362750
10/22/77,361500
10/29/77,361750
11/5/77,362000
11/12/77,356000
11/19/77,352250
11/26/77,353500
12/3/77,353750
12/10/77,361250
12/17/77,361000
12/24/77,358500
12/31/77,357750
1/7/78,353250
1/14/78,349250
1/21/78,351250
1/28/78,351000
2/4/78,354500
2/11/78,362000
2/18/78,381250
2/25/78,383250
3/4/78,382000
3/11/78,378500
3/18/78,358000
3/25/78,349000
4/1/78,343500
4/8/78,340000
4/15/78,330500
4/22/78,326500
4/29/78,324250
5/6/78,321500
5/13/78,324750
5/20/78,328500
5/27/78,327000
6/3/78,321000
6/10/78,323250
6/17/78,321250
6/24/78,324250
7/1/78,333750
7/8/78,340000
7/15/78,346500
7/22/78,351250
7/29/78,350750
8/5/78,353000
8/12/78,353500
8/19/78,352000
8/26/78,348750
9/2/78,335750
9/9/78,331500
9/16/78,326250
9/23/78,323750
9/30/78,325000
10/7/78,326500
10/14/78,325000
10/21/78,328750
10/28/78,328250
11/4/78,321750
11/11/78,318750
11/18/78,319750
11/25/78,330500
12/2/78,345500
12/9/78,355500
12/16/78,356750
12/23/78,355000
12/30/78,350250
1/6/79,354000
1/13/79,365250
1/20/79,361500
1/27/79,357500
2/3/79,354750
2/10/79,346500
2/17/79,354000
2/24/79,358500
3/3/79,360250
3/10/79,361250
3/17/79,359250
3/24/79,357500
3/31/79,358750
4/7/79,384250
4/14/79,408750
4/21/79,416250
4/28/79,415500
5/5/79,387500
5/12/79,359250
5/19/79,350000
5/26/79,348000
6/2/79,343750
6/9/79,349000
6/16/79,350250
6/23/79,357750
6/30/79,366000
7/7/79,366750
7/14/79,371000
7/21/79,375000
7/28/79,379250
8/4/79,390250
8/11/79,394750
8/18/79,392750
8/25/79,393750
9/1/79,388000
9/8/79,386000
9/15/79,385250
9/22/79,384750
9/29/79,385000
10/6/79,393500
10/13/79,395750
10/20/79,400250
10/27/79,402250
11/3/79,398000
11/10/79,403250
11/17/79,409250
11/24/79,413250
12/1/79,418500
12/8/79,418750
12/15/79,414000
12/22/79,428250
12/29/79,431250
1/5/80,426000
1/12/80,424500
1/19/80,418250
1/26/80,414250
2/2/80,416750
2/9/80,421750
2/16/80,414000
2/23/80,418000
3/1/80,419250
3/8/80,417500
3/15/80,421750
3/22/80,423500
3/29/80,440000
4/5/80,451500
4/12/80,479500
4/19/80,507750
4/26/80,529750
5/3/80,556750
5/10/80,571000
5/17/80,594500
5/24/80,610500
5/31/80,626750
6/7/80,629000
6/14/80,616500
6/21/80,609500
6/28/80,607000
7/5/80,599250
7/12/80,584500
7/19/80,576500
7/26/80,559250
8/2/80,556750
8/9/80,556750
8/16/80,546250
8/23/80,534750
8/30/80,518000
9/6/80,512500
9/13/80,504250
9/20/80,492500
9/27/80,482750
10/4/80,470500
10/11/80,459250
10/18/80,449250
10/25/80,438000
11/1/80,427250
11/8/80,417250
11/15/80,417750
11/22/80,412750
11/29/80,411000
12/6/80,413250
12/13/80,409750
12/20/80,413250
12/27/80,410000
1/3/81,408500
1/10/81,410000
1/17/81,412250
1/24/81,411500
1/31/81,413750
2/7/81,414000
2/14/81,414500
2/21/81,425000
2/28/81,428750
3/7/81,426000
3/14/81,422250
3/21/81,413000
3/28/81,407500
4/4/81,409500
4/11/81,406500
4/18/81,404250
4/25/81,410250
5/2/81,409250
5/9/81,416000
5/16/81,421500
5/23/81,416250
5/30/81,417250
6/6/81,418500
6/13/81,421250
6/20/81,426250
6/27/81,433000
7/4/81,441000
7/11/81,441250
7/18/81,440000
7/25/81,430750
8/1/81,434750
8/8/81,440250
8/15/81,443250
8/22/81,450000
8/29/81,443750
9/5/81,450000
9/12/81,453000
9/19/81,463250
9/26/81,473250
10/3/81,477250
10/10/81,486500
10/17/81,489500
10/24/81,487500
10/31/81,493750
11/7/81,499500
11/14/81,507000
11/21/81,502250
11/28/81,511750
12/5/81,522750
12/12/81,531250
12/19/81,550000
12/26/81,551000
1/2/82,535250
1/9/82,533750
1/16/82,521250
1/23/82,523250
1/30/82,545250
2/6/82,548000
2/13/82,552500
2/20/82,547500
2/27/82,533750
3/6/82,533750
3/13/82,541750
3/20/82,545000
3/27/82,556500
4/3/82,562000
4/10/82,573500
4/17/82,583500
4/24/82,587000
5/1/82,586500
5/8/82,586250
5/15/82,583250
5/22/82,582750
5/29/82,585750
6/5/82,592500
6/12/82,599750
6/19/82,601000
6/26/82,599500
7/3/82,596750
7/10/82,586250
7/17/82,580250
7/24/82,568750
7/31/82,570000
8/7/82,578500
8/14/82,596000
8/21/82,619000
8/28/82,629500
9/4/82,640750
9/11/82,641750
9/18/82,654750
9/25/82,660750
10/2/82,671750
10/9/82,674250
10/16/82,668250
10/23/82,656250
10/30/82,641750
11/6/82,626250
11/13/82,612000
11/20/82,600500
11/27/82,594250
12/4/82,586250
12/11/82,569750
12/18/82,554500
12/25/82,523750
1/1/83,518000
1/8/83,512250
1/15/83,503000
1/22/83,500500
1/29/83,492750
2/5/83,490500
2/12/83,492250
2/19/83,494250
2/26/83,488750
3/5/83,487250
3/12/83,484500
3/19/83,480250
3/26/83,480250
4/2/83,479250
4/9/83,484500
4/16/83,495750
4/23/83,497500
4/30/83,497250
5/7/83,496750
5/14/83,484000
5/21/83,477000
5/28/83,468000
6/4/83,459250
6/11/83,453750
6/18/83,447250
6/25/83,444250
7/2/83,435000
7/9/83,427500
7/16/83,418000
7/23/83,406250
7/30/83,404500
8/6/83,405250
8/13/83,420500
8/20/83,433000
8/27/83,435750
9/3/83,434750
9/10/83,421250
9/17/83,411250
9/24/83,408750
10/1/83,409250
10/8/83,410000
10/15/83,407250
10/22/83,401750
10/29/83,399500
11/5/83,396750
11/12/83,395750
11/19/83,394000
11/26/83,392500
12/3/83,385000
12/10/83,379500
12/17/83,373250
12/24/83,368000
12/31/83,369750
1/7/84,366750
1/14/84,364000
1/21/84,353000
1/28/84,351000
2/4/84,347500
2/11/84,344250
2/18/84,344500
2/25/84,339250
3/3/84,340500
3/10/84,342500
3/17/84,346250
3/24/84,347000
3/31/84,345500
4/7/84,354250
4/14/84,356250
4/21/84,360750
4/28/84,369250
5/5/84,365250
5/12/84,368000
5/19/84,365500
5/26/84,360250
6/2/84,357750
6/9/84,358000
6/16/84,359750
6/23/84,361750
6/30/84,363000
7/7/84,362250
7/14/84,362000
7/21/84,360750
7/28/84,360500
8/4/84,364500
8/11/84,369500
8/18/84,380500
8/25/84,389500
9/1/84,390250
9/8/84,395750
9/15/84,393750
9/22/84,393750
9/29/84,398000
10/6/84,398250
10/13/84,402500
10/20/84,413500
10/27/84,419250
11/3/84,424250
11/10/84,420000
11/17/84,406000
11/24/84,407000
12/1/84,401500
12/8/84,399000
12/15/84,399750
12/22/84,387250
12/29/84,381750
1/5/85,378250
1/12/85,378500
1/19/85,373500
1/26/85,370750
2/2/85,375000
2/9/85,378500
2/16/85,386250
2/23/85,391750
3/2/85,388750
3/9/85,384750
3/16/85,383750
3/23/85,379500
3/30/85,382500
4/6/85,387500
4/13/85,393750
4/20/85,398250
4/27/85,398250
5/4/85,394500
5/11/85,390250
5/18/85,390250
5/25/85,392750
6/1/85,393500
6/8/85,395750
6/15/85,395500
6/22/85,393000
6/29/85,392250
7/6/85,390250
7/13/85,389250
7/20/85,385250
7/27/85,378250
8/3/85,381250
8/10/85,385250
8/17/85,392500
8/24/85,403250
8/31/85,403750
9/7/85,409750
9/14/85,412000
9/21/85,411000
9/28/85,408500
10/5/85,403250
10/12/85,401250
10/19/85,401000
10/26/85,405750
11/2/85,404000
11/9/85,403250
11/16/85,402500
11/23/85,393500
11/30/85,392250
12/7/85,392750
12/14/85,389000
12/21/85,386000
12/28/85,385250
1/4/86,376000
1/11/86,379750
1/18/86,378250
1/25/86,366750
2/1/86,367250
2/8/86,359500
2/15/86,358000
2/22/86,369500
3/1/86,372250
3/8/86,372250
3/15/86,378250
3/22/86,377500
3/29/86,382750
4/5/86,386500
4/12/86,388000
4/19/86,387000
4/26/86,385750
5/3/86,388500
5/10/86,390250
5/17/86,390500
5/24/86,389250
5/31/86,384500
6/7/86,379500
6/14/86,375750
6/21/86,371000
6/28/86,370500
7/5/86,369500
7/12/86,367500
7/19/86,364250
7/26/86,362000
8/2/86,373250
8/9/86,387000
8/16/86,400250
8/23/86,409000
8/30/86,405250
9/6/86,401250
9/13/86,398000
9/20/86,398500
9/27/86,395500
10/4/86,393250
10/11/86,391500
10/18/86,388000
10/25/86,383250
11/1/86,376500
11/8/86,367000
11/15/86,362750
11/22/86,362500
11/29/86,363000
12/6/86,366500
12/13/86,368250
12/20/86,363500
12/27/86,358250
1/3/87,348250
1/10/87,341500
1/17/87,339250
1/24/87,339500
1/31/87,351250
2/7/87,356250
2/14/87,355500
2/21/87,354250
2/28/87,348750
3/7/87,341000
3/14/87,340250
3/21/87,338750
3/28/87,333250
4/4/87,331500
4/11/87,332250
4/18/87,335750
4/25/87,336250
5/2/87,336250
5/9/87,330500
5/16/87,328500
5/23/87,332250
5/30/87,331250
6/6/87,334500
6/13/87,328250
6/20/87,322250
6/27/87,322250
7/4/87,321750
7/11/87,322000
7/18/87,319750
7/25/87,319250
8/1/87,324750
8/8/87,327250
8/15/87,329500
8/22/87,326500
8/29/87,320000
9/5/87,317250
9/12/87,311750
9/19/87,311000
9/26/87,309750
10/3/87,306000
10/10/87,308750
10/17/87,306750
10/24/87,302750
10/31/87,299750
11/7/87,297000
11/14/87,298500
11/21/87,302500
11/28/87,306750
12/5/87,312250
12/12/87,314750
12/19/87,316250
12/26/87,318750
1/2/88,317750
1/9/88,319750
1/16/88,329250
1/23/88,334000
1/30/88,340750
2/6/88,339000
2/13/88,326500
2/20/88,324500
2/27/88,318750
3/5/88,316000
3/12/88,314250
3/19/88,309250
3/26/88,305500
4/2/88,306000
4/9/88,308250
4/16/88,310000
4/23/88,312000
4/30/88,313000
5/7/88,312000
5/14/88,312000
5/21/88,313750
5/28/88,313750
6/4/88,314000
6/11/88,311750
6/18/88,309750
6/25/88,308250
7/2/88,307000
7/9/88,306500
7/16/88,307500
7/23/88,319250
7/30/88,325750
8/6/88,329000
8/13/88,328250
8/20/88,318750
8/27/88,314750
9/3/88,312250
9/10/88,310500
9/17/88,308000
9/24/88,304500
10/1/88,301000
10/8/88,297750
10/15/88,294500
10/22/88,290750
10/29/88,291250
11/5/88,289500
11/12/88,287250
11/19/88,289250
11/26/88,290500
12/3/88,293750
12/10/88,294000
12/17/88,293750
12/24/88,290500
12/31/88,292000
1/7/89,295500
1/14/89,293000
1/21/89,292000
1/28/89,289750
2/4/89,287000
2/11/89,296750
2/18/89,302500
2/25/89,303750
3/4/89,313000
3/11/89,313750
3/18/89,317250
3/25/89,322000
4/1/89,321500
4/8/89,318750
4/15/89,315750
4/22/89,312000
4/29/89,309000
5/6/89,310500
5/13/89,316750
5/20/89,321000
5/27/89,324500
6/3/89,325750
6/10/89,325750
6/17/89,329750
6/24/89,333000
7/1/89,339000
7/8/89,341250
7/15/89,344250
7/22/89,342750
7/29/89,339750
8/5/89,339000
8/12/89,337000
8/19/89,335750
8/26/89,334500
9/2/89,332250
9/9/89,331000
9/16/89,332750
9/23/89,333250
9/30/89,337750
10/7/89,355500
10/14/89,358250
10/21/89,361500
10/28/89,363250
11/4/89,344750
11/11/89,342500
11/18/89,339750
11/25/89,336750
12/2/89,339500
12/9/89,340000
12/16/89,344750
12/23/89,354500
12/30/89,358000
1/6/90,362250
1/13/90,365750
1/20/90,364250
1/27/90,361000
2/3/90,364250
2/10/90,363750
2/17/90,357000
2/24/90,358250
3/3/90,354000
3/10/90,349500
3/17/90,349750
3/24/90,345000
3/31/90,343750
4/7/90,348250
4/14/90,350250
4/21/90,357500
4/28/90,361750
5/5/90,358500
5/12/90,358000
5/19/90,356250
5/26/90,355250
6/2/90,358750
6/9/90,359750
6/16/90,361250
6/23/90,362000
6/30/90,361000
7/7/90,361750
7/14/90,363750
7/21/90,365750
7/28/90,367000
8/4/90,368750
8/11/90,372250
8/18/90,378000
8/25/90,384250
9/1/90,390000
9/8/90,392250
9/15/90,392750
9/22/90,391500
9/29/90,394500
10/6/90,398000
10/13/90,404750
10/20/90,416250
10/27/90,425250
11/3/90,431750
11/10/90,438250
11/17/90,441250
11/24/90,446750
12/1/90,452000
12/8/90,452250
12/15/90,452250
12/22/90,455250
12/29/90,456000
1/5/91,447500
1/12/91,445000
1/19/91,437750
1/26/91,439750
2/2/91,456750
2/9/91,467500
2/16/91,474750
2/23/91,484000
3/2/91,485250
3/9/91,490000
3/16/91,496000
3/23/91,498500
3/30/91,501250
4/6/91,489500
4/13/91,484250
4/20/91,476500
4/27/91,467250
5/4/91,467000
5/11/91,459250
5/18/91,451750
5/25/91,447000
6/1/91,442250
6/8/91,441000
6/15/91,436250
6/22/91,431250
6/29/91,427750
7/6/91,423000
7/13/91,420750
7/20/91,417000
7/27/91,418250
8/3/91,422250
8/10/91,426500
8/17/91,432750
8/24/91,433250
8/31/91,430000
9/7/91,426750
9/14/91,423000
9/21/91,421500
9/28/91,424500
10/5/91,424500
10/12/91,426250
10/19/91,426250
10/26/91,422750
11/2/91,428500
11/9/91,435500
11/16/91,440500
11/23/91,445750
11/30/91,445000
12/7/91,450500
12/14/91,459500
12/21/91,457500
12/28/91,456750
1/4/92,446000
1/11/92,437250
1/18/92,439000
1/25/92,439000
2/1/92,441000
2/8/92,442250
2/15/92,443000
2/22/92,441750
2/29/92,442750
3/7/92,436750
3/14/92,434500
3/21/92,435500
3/28/92,429500
4/4/92,427250
4/11/92,421250
4/18/92,417250
4/25/92,418250
5/2/92,423000
5/9/92,424000
5/16/92,421500
5/23/92,419000
5/30/92,414000
6/6/92,413750
6/13/92,415250
6/20/92,416500
6/27/92,418750
7/4/92,416500
7/11/92,413500
7/18/92,406750
7/25/92,442750
8/1/92,446750
8/8/92,446250
8/15/92,448500
8/22/92,407000
8/29/92,403250
9/5/92,405750
9/12/92,409500
9/19/92,416750
9/26/92,417000
10/3/92,412500
10/10/92,402000
10/17/92,391500
10/24/92,381000
10/31/92,372750
11/7/92,372750
11/14/92,370750
11/21/92,368250
11/28/92,362250
12/5/92,356250
12/12/92,351750
12/19/92,346000
12/26/92,339000
1/2/93,336750
1/9/93,335500
1/16/93,340000
1/23/93,347000
1/30/93,346750
2/6/93,338000
2/13/93,330250
2/20/93,332750
2/27/93,338250
3/6/93,347000
3/13/93,353250
3/20/93,350000
3/27/93,351000
4/3/93,353750
4/10/93,355500
4/17/93,358750
4/24/93,354750
5/1/93,349250
5/8/93,345750
5/15/93,344250
5/22/93,342250
5/29/93,343750
6/5/93,344750
6/12/93,344250
6/19/93,345000
6/26/93,342750
7/3/93,340500
7/10/93,333250
7/17/93,330750
7/24/93,349500
7/31/93,355000
8/7/93,363000
8/14/93,364000
8/21/93,345750
8/28/93,341000
9/4/93,338000
9/11/93,336500
9/18/93,337500
9/25/93,339000
10/2/93,338750
10/9/93,344250
10/16/93,347500
10/23/93,350250
10/30/93,354000
11/6/93,352750
11/13/93,348250
11/20/93,343750
11/27/93,341000
12/4/93,337750
12/11/93,336000
12/18/93,334750
12/25/93,323000
1/1/94,324000
1/8/94,326250
1/15/94,332250
1/22/94,347500
1/29/94,363750
2/5/94,368250
2/12/94,368000
2/19/94,368250
2/26/94,348500
3/5/94,345250
3/12/94,342000
3/19/94,337000
3/26/94,335750
4/2/94,334250
4/9/94,336250
4/16/94,341750
4/23/94,344000
4/30/94,344500
5/7/94,350000
5/14/94,351500
5/21/94,358000
5/28/94,359000
6/4/94,352500
6/11/94,347000
6/18/94,341750
6/25/94,340000
7/2/94,337250
7/9/94,338000
7/16/94,343750
7/23/94,344750
7/30/94,344250
8/6/94,343500
8/13/94,337500
8/20/94,334000
8/27/94,336250
9/3/94,336500
9/10/94,335500
9/17/94,334250
9/24/94,330250
10/1/94,328000
10/8/94,330500
10/15/94,332750
10/22/94,334000
10/29/94,334250
11/5/94,331000
11/12/94,329500
11/19/94,328500
11/26/94,328000
12/3/94,327000
12/10/94,327000
12/17/94,328000
12/24/94,324250
12/31/94,323000
1/7/95,325250
1/14/95,329500
1/21/95,332250
1/28/95,333500
2/4/95,330000
2/11/95,330250
2/18/95,334750
2/25/95,337750
3/4/95,341500
3/11/95,341250
3/18/95,341250
3/25/95,340250
4/1/95,339250
4/8/95,339250
4/15/95,342250
4/22/95,346500
4/29/95,354000
5/6/95,358250
5/13/95,361000
5/20/95,368000
5/27/95,370250
6/3/95,369750
6/10/95,370000
6/17/95,370250
6/24/95,366250
7/1/95,364500
7/8/95,365750
7/15/95,368500
7/22/95,376500
7/29/95,375500
8/5/95,370250
8/12/95,361250
8/19/95,354250
8/26/95,356250
9/2/95,357250
9/9/95,361750
9/16/95,365250
9/23/95,363750
9/30/95,363750
10/7/95,364500
10/14/95,362750
10/21/95,366000
10/28/95,371500
11/4/95,373000
11/11/95,373250
11/18/95,376500
11/25/95,377000
12/2/95,375250
12/9/95,369250
12/16/95,367750
12/23/95,366500
12/30/95,363000
1/6/96,366750
1/13/96,356750
1/20/96,367000
1/27/96,374000
2/3/96,377250
2/10/96,390750
2/17/96,382750
2/24/96,377250
3/2/96,375750
3/9/96,369250
3/16/96,369500
3/23/96,384750
3/30/96,391000
4/6/96,393000
4/13/96,386250
4/20/96,371750
4/27/96,359250
5/4/96,351500
5/11/96,350250
5/18/96,344500
5/25/96,344500
6/1/96,345000
6/8/96,344750
6/15/96,344000
6/22/96,343500
6/29/96,342750
7/6/96,340500
7/13/96,341750
7/20/96,339500
7/27/96,337000
8/3/96,333000
8/10/96,329000
8/17/96,330000
8/24/96,332500
8/31/96,333250
9/7/96,333750
9/14/96,334250
9/21/96,338000
9/28/96,342750
10/5/96,343250
10/12/96,342250
10/19/96,338000
10/26/96,339000
11/2/96,338750
11/9/96,337000
11/16/96,338750
11/23/96,337500
11/30/96,337000
12/7/96,344000
12/14/96,346500
12/21/96,347250
12/28/96,353500
1/4/97,351500
1/11/97,344500
1/18/97,343250
1/25/97,339000
2/1/97,335500
2/8/97,333250
2/15/97,325250
2/22/97,320750
3/1/97,317750
3/8/97,318250
3/15/97,319750
3/22/97,318000
3/29/97,319000
4/5/97,321000
4/12/97,323750
4/19/97,324000
4/26/97,327000
5/3/97,331250
5/10/97,328250
5/17/97,329750
5/24/97,324500
5/31/97,319250
6/7/97,322000
6/14/97,325250
6/21/97,325250
6/28/97,325500
7/5/97,329750
7/12/97,328000
7/19/97,324250
7/26/97,320250
8/2/97,313750
8/9/97,314000
8/16/97,324500
8/23/97,329750
8/30/97,332750
9/6/97,328750
9/13/97,321500
9/20/97,319000
9/27/97,315250
10/4/97,314750
10/11/97,312500
10/18/97,312750
10/25/97,310000
11/1/97,310500
11/8/97,311250
11/15/97,313000
11/22/97,313750
11/29/97,315000
12/6/97,317250
12/13/97,316750
12/20/97,317000
12/27/97,313250
1/3/98,312000
1/10/98,314000
1/17/98,321750
1/24/98,322750
1/31/98,323500
2/7/98,318500
2/14/98,313500
2/21/98,318500
2/28/98,319000
3/7/98,318250
3/14/98,317750
3/21/98,316250
3/28/98,315000
4/4/98,316000
4/11/98,312250
4/18/98,311250
4/25/98,311000
5/2/98,309000
5/9/98,309500
5/16/98,309000
5/23/98,308500
5/30/98,313000
6/6/98,313000
6/13/98,314500
6/20/98,324500
6/27/98,338000
7/4/98,352000
7/11/98,351750
7/18/98,343250
7/25/98,333000
8/1/98,324250
8/8/98,323250
8/15/98,321500
8/22/98,313250
8/29/98,309000
9/5/98,308250
9/12/98,307250
9/19/98,308000
9/26/98,304000
10/3/98,301250
10/10/98,304250
10/17/98,307500
10/24/98,311250
10/31/98,312750
11/7/98,312750
11/14/98,316750
11/21/98,315500
11/28/98,316000
12/5/98,318500
12/12/98,311250
12/19/98,309500
12/26/98,316000
1/2/99,317250
1/9/99,327250
1/16/99,337750
1/23/99,331500
1/30/99,325000
2/6/99,311500
2/13/99,304750
2/20/99,302500
2/27/99,301500
3/6/99,303750
3/13/99,302750
3/20/99,303500
3/27/99,302750
4/3/99,305250
4/10/99,308000
4/17/99,310250
4/24/99,308500
5/1/99,305000
5/8/99,302750
5/15/99,299500
5/22/99,301250
5/29/99,303000
6/5/99,301250
6/12/99,298500
6/19/99,297000
6/26/99,294000
7/3/99,290000
7/10/99,289500
7/17/99,293750
7/24/99,297500
7/31/99,300750
8/7/99,302500
8/14/99,298250
8/21/99,293250
8/28/99,290750
9/4/99,289500
9/11/99,286750
9/18/99,285500
9/25/99,289500
10/2/99,294250
10/9/99,296750
10/16/99,298250
10/23/99,291750
10/30/99,285750
11/6/99,283500
11/13/99,282000
11/20/99,281000
11/27/99,281750
12/4/99,283000
12/11/99,280750
12/18/99,283500
12/25/99,278500
1/1/00,278250
1/8/00,284750
1/15/00,285250
1/22/00,289250
1/29/00,289000
2/5/00,292500
2/12/00,295250
2/19/00,295000
2/26/00,293750
3/4/00,287250
3/11/00,279750
3/18/00,276750
3/25/00,274750
4/1/00,269750
4/8/00,269250
4/15/00,266250
4/22/00,266750
4/29/00,273000
5/6/00,279250
5/13/00,283500
5/20/00,285000
5/27/00,282250
6/3/00,281500
6/10/00,283500
6/17/00,287000
6/24/00,291000
7/1/00,288750
7/8/00,291000
7/15/00,293250
7/22/00,294250
7/29/00,298500
8/5/00,301750
8/12/00,304750
8/19/00,309250
8/26/00,312750
9/2/00,311500
9/9/00,310000
9/16/00,308250
9/23/00,302250
9/30/00,300000
10/7/00,300000
10/14/00,297000
10/21/00,298750
10/28/00,301000
11/4/00,306500
11/11/00,311250
11/18/00,320500
11/25/00,334250
12/2/00,336000
12/9/00,336750
12/16/00,342250
12/23/00,344250
12/30/00,348000
1/6/01,352000
1/13/01,343000
1/20/01,337750
1/27/01,340000
2/3/01,349750
2/10/01,361500
2/17/01,365250
2/24/01,371250
3/3/01,373250
3/10/01,380250
3/17/01,389000
3/24/01,387000
3/31/01,388000
4/7/01,389250
4/14/01,386750
4/21/01,392250
4/28/01,396750
5/5/01,392500
5/12/01,394250
5/19/01,394750
5/26/01,394500
6/2/01,400750
6/9/01,406000
6/16/01,404000
6/23/01,398000
6/30/01,395000
7/7/01,392500
7/14/01,395250
7/21/01,399500
7/28/01,398000
8/4/01,398000
8/11/01,395250
8/18/01,396250
8/25/01,398000
9/1/01,398250
9/8/01,401750
9/15/01,400000
9/22/01,414500
9/29/01,443250
10/6/01,460250
10/13/01,482000
10/20/01,489250
10/27/01,480750
11/3/01,471750
11/10/01,458250
11/17/01,445500
11/24/01,447500
12/1/01,453750
12/8/01,445000
12/15/01,434500
12/22/01,415750
12/29/01,404750
1/5/02,405750
1/12/02,413000
1/19/02,410250
1/26/02,408500
2/2/02,410250
2/9/02,405000
2/16/02,403000
2/23/02,399000
3/2/02,396000
3/9/02,396500
3/16/02,395250
3/23/02,399500
3/30/02,421250
4/6/02,432750
4/13/02,445250
4/20/02,445500
4/27/02,429250
5/4/02,420250
5/11/02,413000
5/18/02,411750
5/25/02,409000
6/1/02,401250
6/8/02,395000
6/15/02,391250
6/22/02,387500
6/29/02,389500
7/6/02,390250
7/13/02,387250
7/20/02,385000
7/27/02,386000
8/3/02,385250
8/10/02,386500
8/17/02,391500
8/24/02,393500
8/31/02,395000
9/7/02,401750
9/14/02,405000
9/21/02,405750
9/28/02,409500
10/5/02,406500
10/12/02,404750
10/19/02,407500
10/26/02,407500
11/2/02,407750
11/9/02,406500
11/16/02,400750
11/23/02,396000
11/30/02,389000
12/7/02,395250
12/14/02,405250
12/21/02,406250
12/28/02,414250
1/4/03,406250
1/11/03,393500
1/18/03,395500
1/25/03,395000
2/1/03,400000
2/8/03,403000
2/15/03,407500
2/22/03,411000
3/1/03,416750
3/8/03,425250
3/15/03,427750
3/22/03,425250
3/29/03,425250
4/5/03,423500
4/12/03,424500
4/19/03,434250
4/26/03,436250
5/3/03,439000
5/10/03,434750
5/17/03,428500
5/24/03,422250
5/31/03,423000
6/7/03,426000
6/14/03,425000
6/21/03,422250
6/28/03,421750
7/5/03,422750
7/12/03,420500
7/19/03,419250
7/26/03,411500
8/2/03,403500
8/9/03,401500
8/16/03,400250
8/23/03,398500
8/30/03,400000
9/6/03,404500
9/13/03,403500
9/20/03,400500
9/27/03,395500
10/4/03,386500
10/11/03,382000
10/18/03,384000
10/25/03,382000
11/1/03,376250
11/8/03,375000
11/15/03,370750
11/22/03,364500
11/29/03,363000
12/6/03,362000
12/13/03,360250
12/20/03,360250
12/27/03,358250
1/3/04,355500
1/10/04,353250
1/17/04,355250
1/24/04,356250
1/31/04,361250
2/7/04,367750
2/14/04,366250
2/21/04,367750
2/28/04,360750
3/6/04,351750
3/13/04,347250
3/20/04,344000
3/27/04,342000
4/3/04,339750
4/10/04,344000
4/17/04,348500
4/24/04,348250
5/1/04,345500
5/8/04,339000
5/15/04,335250
5/22/04,336000
5/29/04,339250
6/5/04,345750
6/12/04,343250
6/19/04,346250
6/26/04,349000
7/3/04,341750
7/10/04,343250
7/17/04,343500
7/24/04,343500
7/31/04,347250
8/7/04,345000
8/14/04,339250
8/21/04,338000
8/28/04,340750
9/4/04,338250
9/11/04,338000
9/18/04,337500
9/25/04,337250
10/2/04,339500
10/9/04,341250
10/16/04,337750
10/23/04,334500
10/30/04,333750
11/6/04,331750
11/13/04,334250
11/20/04,328000
11/27/04,328750
12/4/04,332000
12/11/04,326750
12/18/04,329000
12/25/04,325250
1/1/05,328500
1/8/05,341750
1/15/05,344250
1/22/05,346500
1/29/05,340250
2/5/05,324750
2/12/05,318750
2/19/05,316000
2/26/05,311750
3/5/05,318250
3/12/05,322250
3/19/05,325000
3/26/05,332000
4/2/05,332500
4/9/05,332250
4/16/05,326750
4/23/05,320500
4/30/05,320250
5/7/05,321250
5/14/05,324750
5/21/05,325500
5/28/05,327000
6/4/05,329750
6/11/05,332750
6/18/05,333000
6/25/05,325750
7/2/05,323000
7/9/05,324250
7/16/05,324750
7/23/05,326500
7/30/05,323750
8/6/05,317000
8/13/05,316000
8/20/05,315250
8/27/05,315750
9/3/05,319500
9/10/05,345250
9/17/05,372500
9/24/05,382750
10/1/05,397250
10/8/05,387500
10/15/05,368500
10/22/05,359750
10/29/05,344250
11/5/05,329750
11/12/05,320000
11/19/05,320000
11/26/05,317250
12/3/05,316250
12/10/05,320750
12/17/05,317750
12/24/05,320000
12/31/05,315250
1/7/06,315000
1/14/06,308250
1/21/06,300750
1/28/06,295750
2/4/06,286500
2/11/06,289750
2/18/06,288000
2/25/06,290750
3/4/06,294000
3/11/06,296250
3/18/06,301250
3/25/06,301750
4/1/06,299000
4/8/06,297000
4/15/06,296000
4/22/06,299250
4/29/06,306750
5/6/06,318750
5/13/06,327750
5/20/06,330500
5/27/06,332750
6/3/06,322750
6/10/06,313500
6/17/06,310750
6/24/06,305500
7/1/06,307750
7/8/06,319000
7/15/06,321500
7/22/06,320750
7/29/06,319500
8/5/06,313250
8/12/06,311250
8/19/06,313500
8/26/06,314250
9/2/06,313500
9/9/06,314500
9/16/06,316750
9/23/06,318000
9/30/06,316500
10/7/06,317000
10/14/06,312250
10/21/06,310750
10/28/06,315500
11/4/06,316250
11/11/06,317750
11/18/06,321000
11/25/06,326250
12/2/06,328250
12/9/06,328250
12/16/06,326250
12/23/06,319750
12/30/06,323250
1/6/07,328000
1/13/07,322500
1/20/07,325500
1/27/07,317250
2/3/07,312250
2/10/07,322750
2/17/07,319250
2/24/07,322750
3/3/07,325250
3/10/07,317750
3/17/07,314750
3/24/07,310000
3/31/07,306750
4/7/07,312750
4/14/07,317250
4/21/07,321750
4/28/07,320250
5/5/07,312250
5/12/07,304750
5/19/07,302000
5/26/07,304250
6/2/07,307500
6/9/07,311500
6/16/07,314000
6/23/07,314750
6/30/07,315750
7/7/07,317750
7/14/07,317000
7/21/07,316250
7/28/07,313250
8/4/07,311500
8/11/07,311250
8/18/07,314000
8/25/07,320000
9/1/07,320000
9/8/07,321250
9/15/07,319250
9/22/07,312500
9/29/07,313250
10/6/07,312000
10/13/07,317500
10/20/07,325500
10/27/07,328250
11/3/07,331000
11/10/07,330500
11/17/07,330000
11/24/07,336000
12/1/07,340250
12/8/07,340000
12/15/07,344500
12/22/07,345250
12/29/07,349250
1/5/08,352750
1/12/08,345750
1/19/08,337250
1/26/08,338750
2/2/08,339750
2/9/08,345250
2/16/08,349750
2/23/08,346750
3/1/08,345500
3/8/08,346500
3/15/08,354000
3/22/08,357500
3/29/08,368000
4/5/08,369500
4/12/08,368500
4/19/08,363750
4/26/08,359500
5/3/08,363500
5/10/08,363750
5/17/08,368250
5/24/08,368000
5/31/08,366000
6/7/08,370000
6/14/08,372750
6/21/08,375750
6/28/08,383250
7/5/08,380500
7/12/08,382250
7/19/08,387500
7/26/08,398000
8/2/08,417250
8/9/08,428500
8/16/08,434000
8/23/08,430750
8/30/08,429250
9/6/08,432000
9/13/08,438250
9/20/08,453750
9/27/08,464000
10/4/08,474250
10/11/08,477250
10/18/08,476000
10/25/08,475250
11/1/08,477250
11/8/08,490000
11/15/08,504500
11/22/08,517500
11/29/08,527250
12/6/08,541750
12/13/08,549250
12/20/08,563000
12/27/08,564000
1/3/09,547250
1/10/09,543500
1/17/09,544500
1/24/09,557750
1/31/09,589250
2/7/09,610750
2/14/09,621000
2/21/09,638250
2/28/09,644000
3/7/09,649750
3/14/09,654500
3/21/09,656000
3/28/09,659250
4/4/09,657500
4/11/09,644500
4/18/09,639000
4/25/09,627750
5/2/09,615000
5/9/09,621500
5/16/09,616750
5/23/09,613250
5/30/09,614500
6/6/09,607250
6/13/09,601000
6/20/09,601500
6/27/09,598250
7/4/09,592500
7/11/09,580250
7/18/09,568250
7/25/09,566500
8/1/09,562000
8/8/09,564250
8/15/09,564750
8/22/09,558000
8/29/09,560250
9/5/09,561000
9/12/09,556000
9/19/09,550000
9/26/09,547500
10/3/09,541250
10/10/09,533500
10/17/09,532250
10/24/09,526250
10/31/09,523500
11/7/09,523750
11/14/09,517750
11/21/09,505750
11/28/09,494000
12/5/09,490250
12/12/09,488000
12/19/09,487250
12/26/09,485500
1/2/10,475250
1/9/10,468000
1/16/10,475000
1/23/10,475750
1/30/10,485750
2/6/10,485000
2/13/10,480500
2/20/10,487750
2/27/10,485750
3/6/10,487250
3/13/10,484500
3/20/10,477500
3/27/10,470250
4/3/10,472000
4/10/10,472250
4/17/10,471500
4/24/10,469000
5/1/10,462000
5/8/10,455000
5/15/10,456250
5/22/10,459750
5/29/10,461500
6/5/10,463500
6/12/10,461750
6/19/10,459000
6/26/10,460500
7/3/10,459250
7/10/10,452250
7/17/10,454750
7/24/10,455000
7/31/10,460500
8/7/10,471500
8/14/10,477500
8/21/10,477250
8/28/10,475000
9/4/10,467250
9/11/10,456750
9/18/10,455500
9/25/10,453500
10/2/10,452000
10/9/10,455750
10/16/10,452000
10/23/10,445250
10/30/10,447000
11/6/10,440750
11/13/10,437750
11/20/10,431500
11/27/10,426250
12/4/10,424750
12/11/10,423000
12/18/10,427250
12/25/10,420250
1/1/11,416500
1/8/11,418750
1/15/11,418000
1/22/11,428500
1/29/11,430250
2/5/11,422250
2/12/11,423250
2/19/11,410250
2/26/11,401500
3/5/11,404500
3/12/11,399250
3/19/11,402500
3/26/11,406000
4/2/11,401250
4/9/11,404250
4/16/11,403000
4/23/11,408750
4/30/11,427000
5/7/11,431750
5/14/11,434750
5/21/11,435000
5/28/11,422500
6/4/11,419500
6/11/11,419250
6/18/11,417500
6/25/11,418250
7/2/11,417000
7/9/11,415750
7/16/11,416750
7/23/11,414250
7/30/11,411250
8/6/11,410500
8/13/11,407750
8/20/11,408750
8/27/11,409500
9/3/11,411750
9/10/11,416750
9/17/11,418500
9/24/11,417750
10/1/11,415500
10/8/11,410750
10/15/11,404000
10/22/11,403250
10/29/11,401750
11/5/11,397250
11/12/11,394250
11/19/11,389750
11/26/11,389250
12/3/11,388000
12/10/11,384250
12/17/11,380000
12/24/11,377250
12/31/11,374500
1/7/12,398750
1/14/12,384500
1/21/12,378750
1/28/12,377750
2/4/12,372000
2/11/12,370500
2/18/12,365000
2/25/12,363250
3/3/12,365000
3/10/12,367000
3/17/12,369250
3/24/12,368750
3/31/12,364500
4/7/12,369000
4/14/12,372250
4/21/12,378250
4/28/12,381750
5/5/12,378250
5/12/12,375250
5/19/12,371250
5/26/12,373500
6/2/12,374500
6/9/12,378000
6/16/12,381250
6/23/12,381000
6/30/12,379750
7/7/12,374000
7/14/12,375500
7/21/12,372500
7/28/12,372500
8/4/12,375250
8/11/12,370000
8/18/12,372000
8/25/12,373250
9/1/12,373250
9/8/12,379250
9/15/12,383250
9/22/12,383250
9/29/12,384500
10/6/12,373750
10/13/12,372250
10/20/12,371500
10/27/12,368500
11/3/12,372250
11/10/12,387250
11/17/12,395250
11/24/12,401250
12/1/12,403750
12/8/12,377250
12/15/12,364750
12/22/12,358250
12/29/12,355000
1/5/13,369750
1/12/13,363750
1/19/13,352000
1/26/13,353000
2/2/13,352500
2/9/13,353250
2/16/13,359000
2/23/13,353000
3/2/13,347750
3/9/13,346750
3/16/13,342000
3/23/13,346000
3/30/13,354750
4/6/13,358750
4/13/13,362000
4/20/13,358250
4/27/13,347250
5/4/13,341250
5/11/13,342250
5/18/13,342250
5/25/13,347750
6/1/13,350500
6/8/13,344750
6/15/13,347250
6/22/13,345750
6/29/13,344250
7/6/13,347750
7/13/13,345500
7/20/13,347500
7/27/13,346000
8/3/13,343000
8/10/13,338750
8/17/13,335000
8/24/13,335500
8/31/13,332000
9/7/13,325250
9/14/13,321000
9/21/13,315500
9/28/13,314000
10/5/13,331000
10/12/13,342250
10/19/13,351500
10/26/13,358500
11/2/13,352000
11/9/13,345000
11/16/13,340000
11/23/13,332250
11/30/13,324750
12/7/13,328250
12/14/13,336500
12/21/13,341000
12/28/13,346000
1/4/14,338000
1/11/14,326500
1/18/14,324750
1/25/14,326750
2/1/14,329000
2/8/14,333750
2/15/14,335000
2/22/14,335250
3/1/14,332250
3/8/14,328500
3/15/14,325750
3/22/14,318750
3/29/14,321500
4/5/14,318750
4/12/14,315500
4/19/14,319000
4/26/14,322750
5/3/14,326250
5/10/14,325000
5/17/14,324250
5/24/14,314250
5/31/14,311000
6/7/14,314500
6/14/14,312000
6/21/14,314500
6/28/14,313500
7/5/14,309750
7/12/14,308250
7/19/14,303000
7/26/14,301750
8/2/14,300000
8/9/14,300250
8/16/14,302500
8/23/14,301750
8/30/14,303750
9/6/14,303250
9/13/14,299500
9/20/14,298250
9/27/14,295000
10/4/14,291500
10/11/14,289750
10/18/14,288500
10/25/14,288750
11/1/14,285500
11/8/14,288000
11/15/14,288750
11/22/14,291750
11/29/14,294500
12/6/14,294500
12/13/14,292750
12/20/14,286000
12/27/14,284500
1/3/15,285250
1/10/15,289750
1/17/15,295500
1/24/15,289750
1/31/15,286750
2/7/15,285250
2/14/15,281500
2/21/15,292250
2/28/15,300750
3/7/15,299500
3/14/15,300750
3/21/15,295250
3/28/15,283000
4/4/15,280000
4/11/15,281250
4/18/15,284250
4/25/15,284750
5/2/15,281750
5/9/15,275750
5/16/15,270750
5/23/15,273500
5/30/15,275000
6/6/15,277000
6/13/15,275250
6/20/15,273750
6/27/15,273750
7/4/15,277250
7/11/15,281250
7/18/15,279000
7/25/15,277250
8/1/15,271750
8/8/15,269250
8/15/15,272500
8/22/15,274000
8/29/15,276500
9/5/15,276000
9/12/15,272500
9/19/15,271250
9/26/15,269500
10/3/15,268250
10/10/15,268500
10/17/15,267500
10/24/15,265250
10/31/15,267250
11/7/15,270000
11/14/15,272250
11/21/15,271500
11/28/15,268750
12/5/15,270500
12/12/15,269750
12/19/15,270000
12/26/15,273250
1/2/16,271250
1/9/16,274000
1/16/16,281500
1/23/16,279750
1/30/16,281750
2/6/16,277500
2/13/16,270000
2/20/16,270250
2/27/16,266500
3/5/16,264250
3/12/16,264250
3/19/16,262250
3/26/16,263000
4/2/16,266250
4/9/16,265250
4/16/16,263000
4/23/16,260250
4/30/16,262750
5/7/16,270250
5/14/16,276250
5/21/16,277750
5/28/16,274000
6/4/16,268250
6/11/16,267000
6/18/16,266000
6/25/16,265750
7/2/16,263500
7/9/16,259000
7/16/16,258500
7/23/16,258500
7/30/16,261250
8/6/16,264000
8/13/16,265250
8/20/16,265500
8/27/16,264250
9/3/16,262000
9/10/16,258500
9/17/16,255500
9/24/16,251750
10/1/16,249250
10/8/16,249000
10/15/16,252250
10/22/16,254750
10/29/16,259500
11/5/16,259750
11/12/16,252250
11/19/16,250250
11/26/16,248500
12/3/16,249000
12/10/16,254500
12/17/16,258250
12/24/16,257250
12/31/16,253500
1/7/17,249750
1/14/17,245750
1/21/17,246250
1/28/17,247750
2/4/17,246000
2/11/17,244750
2/18/17,241500
2/25/17,238500
3/4/17,240750
3/11/17,240750
3/18/17,243000
3/25/17,248250
4/1/17,245250
4/8/17,242500
4/15/17,239500
4/22/17,239500
4/29/17,242000
5/6/17,243250
5/13/17,241750
5/20/17,236500
5/27/17,238750
6/3/17,240500
6/10/17,241250
6/17/17,244000
6/24/17,241000
7/1/17,242000
7/8/17,244000
7/15/17,243500
7/22/17,244500
7/29/17,243250
8/5/17,242750
8/12/17,241750
8/19/17,240750
8/26/17,239750
9/2/17,253750
9/9/17,262500
9/16/17,267750
9/23/17,273500
9/30/17,262750
10/7/17,256000
10/14/17,249250
10/21/17,242750
10/28/17,237750
11/4/17,236250
11/11/17,240500
11/18/17,241500
11/25/17,241500
12/2/17,240500
12/9/17,236500
12/16/17,237500
12/23/17,239500
12/30/17,242250
1/6/18,246250
1/13/18,242750
1/20/18,241000
1/27/18,235750
2/3/18,228000
2/10/18,227000
2/17/18,221500
2/24/18,219250
3/3/18,220250
3/10/18,219250
3/17/18,220500
3/24/18,220750
3/31/18,222750
4/7/18,224000
4/14/18,225500
4/21/18,223750
4/28/18,219250
5/5/18,215250
5/12/18,213750
5/19/18,218000
5/26/18,220000
6/2/18,222250
6/9/18,221750
6/16/18,219750
6/23/18,220250
6/30/18,222500
7/7/18,220750
7/14/18,219000
7/21/18,217500
7/28/18,215250
8/4/18,216000
8/11/18,216750
8/18/18,216000
8/25/18,214750
9/1/18,213500
9/8/18,211750
9/15/18,211250
9/22/18,210500
9/29/18,212500
10/6/18,213500
10/13/18,214250
10/20/18,215750
10/27/18,216000
11/3/18,217250
11/10/18,219250
11/17/18,220750
11/24/18,224500
12/1/18,227500
12/8/18,225000
12/15/18,224000
12/22/18,221250
12/29/18,221750
1/5/19,223750
1/12/19,223000
1/19/19,220000
1/26/19,223250
2/2/19,225500
2/9/19,229000
2/16/19,229500
2/23/19,224500
3/2/19,221500
3/9/19,219750
3/16/19,220500
3/23/19,217500
3/30/19,214000
4/6/19,207250
4/13/19,201500
4/20/19,206000
4/27/19,212500
5/4/19,220250
5/11/19,225000
5/18/19,220500
5/25/19,217500
6/1/19,215250
6/8/19,217750
6/15/19,219000
6/22/19,221750
6/29/19,222500
7/6/19,219000
7/13/19,218750
7/20/19,213250
7/27/19,212000
8/3/19,212750
8/10/19,214000
8/17/19,215000
8/24/19,214750
8/31/19,216750
9/7/19,213000
9/14/19,212750
9/21/19,212500
9/28/19,212750
10/5/19,213750
10/12/19,215750
10/19/19,215250
10/26/19,215000
11/2/19,215250
11/9/19,217000